tweet_id,TWEETTEXT,dateTime,author_id,retweet_count,like_count,quote_count,reply_count,UserLocation,Tweet_Place,URLs,mentions,hashtags,sentiment
tweet_id,tweet_text,dateTime,author_id,retweet_count,like_count,quote_count,reply_count,UserLocation,Tweet_Place,URLs,mentions,hashtags,sentiment
tweet_id,tweet_text,dateTime,author_id,retweet_count,like_count,quote_count,reply_count,UserLocation,Tweet_Place,URLs,mentions,hashtags,sentiment
1487182706089803776,Lica Pod at Lancaster University ,2022-01-28 21:56:02+00:00,1479852234619994117,0,0,0,0,,"Galgate, England",['https://t.co/zbnwn7jaIE'],[],[],neutral
1487380695215390720,Just posted a photo   Lancaster University ,2022-01-29 11:02:46+00:00,63722383,0,0,0,0,"Lancaster University, UK","North West, England",['https://t.co/oHuPTwR3Jm'],[],[],neutral
1488521215622868992,Just posted a photo   Lancaster University ,2022-02-01 14:34:47+00:00,63722383,0,0,0,0,"Lancaster University, UK","North West, England",['https://t.co/Kp8y4Bb231'],[],[],neutral
1488437010796662786,Happy Lunar New Year from Lancaster University Careers Service lunarnewyear happylunarnewyear lancasteruniversity lancscareers   Lancaster University ,2022-02-01 09:00:11+00:00,63722383,0,1,0,0,"Lancaster University, UK","North West, England",['https://t.co/hrEDsFhut7'],[],"['lunarnewyear', 'happylunarnewyear', 'lancasteruniversity', 'lancscareers']",positive
1488871030215090187,Just posted a photo   Lancaster University ,2022-02-02 13:44:50+00:00,63722383,1,1,0,0,"Lancaster University, UK","North West, England",['https://t.co/LNsOi8hB52'],[],[],neutral
1489285807236075528,For the last home game of the regular season  we take on the Edge Hill Vikings  2PM Kickoff on the Rugby League Pitch üèà  See you there    Lancaster University ,2022-02-03 17:13:00+00:00,148525974,0,0,0,0,"Lancaster, England","North West, England",['https://t.co/SHmVcxJR9B'],[],[],negative
1489244581707329538,Just posted a photo   Lancaster University ,2022-02-03 14:29:11+00:00,63722383,0,0,1,0,"Lancaster University, UK","North West, England",['https://t.co/hj6F9RtaFD'],[],[],neutral
1489601045458079744,Just posted a photo   Lancaster University ,2022-02-04 14:05:39+00:00,63722383,0,0,0,0,"Lancaster University, UK","North West, England",['https://t.co/TviYamx4Zc'],[],[],neutral
1491062123618877444,Just posted a photo   Lancaster University ,2022-02-08 14:51:27+00:00,63722383,0,0,0,0,"Lancaster University, UK","North West, England",['https://t.co/Bmdy7PvPAd'],[],[],neutral
1491416056342069249,Just posted a photo   Lancaster University ,2022-02-09 14:17:51+00:00,63722383,0,0,0,0,"Lancaster University, UK","North West, England",['https://t.co/tjSj3ppgtk'],[],[],neutral
1491408727047561217,Just posted a photo   Lancaster University ,2022-02-09 13:48:44+00:00,148525974,0,0,0,0,"Lancaster, England","North West, England",['https://t.co/k9tbAcmJxm'],[],[],neutral
1491813984709840899,Just posted a photo   Lancaster University ,2022-02-10 16:39:05+00:00,63722383,0,0,0,0,"Lancaster University, UK","North West, England",['https://t.co/gd3jD1tq9x'],[],[],neutral
1492164470071861250,Just posted a photo   Lancaster University ,2022-02-11 15:51:47+00:00,63722383,0,0,0,0,"Lancaster University, UK","North West, England",['https://t.co/6nx3Q9I0qO'],[],[],neutral
1492069873840758784,Just posted a photo   Lancaster University ,2022-02-11 09:35:53+00:00,63722383,0,0,0,0,"Lancaster University, UK","North West, England",['https://t.co/UgyX0YXYzo'],[],[],neutral
1492465319440490499,Just posted a photo   Lancaster University ,2022-02-12 11:47:15+00:00,63722383,0,0,0,0,"Lancaster University, UK","North West, England",['https://t.co/seWhI5VeGP'],[],[],neutral
1492836038032510978,Just posted a photo   Lancaster University ,2022-02-13 12:20:21+00:00,63722383,0,0,0,0,"Lancaster University, UK","North West, England",['https://t.co/aPweHm5iEu'],[],[],neutral
1493584935025881088,Just posted a photo   Lancaster University ,2022-02-15 13:56:12+00:00,63722383,0,0,0,0,"Lancaster University, UK","North West, England",['https://t.co/aGY5Q2NDWD'],[],[],neutral
1493974178596364291,Just posted a photo   Lancaster University ,2022-02-16 15:42:55+00:00,63722383,0,0,0,0,"Lancaster University, UK","North West, England",['https://t.co/JsZ4KGcaPs'],[],[],neutral
1494371135185686529,I‚Äôve had my fourth coronavirus jab at Lancaster University ¬†I‚Äôm hoping it will finally fill me with enough nanoparticles to enable time travel I fancy a long weekend in 1590 or maybe 1984 for the music and to see a few bands I missed ¬†Maybe play some football  ,2022-02-17 18:00:17+00:00,19453607,7,62,0,1,"Lancaster, UK","Lancaster, England",['https://t.co/4qt2QfzXIB'],[],[],negative
1494325527938695171,Just posted a photo   Lancaster University ,2022-02-17 14:59:03+00:00,63722383,0,0,0,0,"Lancaster University, UK","North West, England",['https://t.co/byYOrCROEF'],[],[],neutral
1494802112080977920,THREAD  A short story for LGBTHM22 Back in the summer of ‚Äò79 I came out for the first time to a school mate  We were 18 and had just left school  I was waiting for my results and hoping to go to Lancaster University   1,2022-02-18 22:32:50+00:00,147128542,8,51,4,6,Edinburgh | Pittenweem ,"Edinburgh, Scotland",[],[],['LGBTHM22'],positive
1494714600755019777,Just posted a photo   Lancaster University ,2022-02-18 16:45:05+00:00,63722383,0,0,0,0,"Lancaster University, UK","North West, England",['https://t.co/kX9jPPtrjU'],[],[],neutral
1496080928707420163,Just posted a photo   Lancaster University ,2022-02-22 11:14:23+00:00,63722383,0,0,0,0,"Lancaster University, UK","North West, England",['https://t.co/LuUH1sLb50'],[],[],neutral
1496067090402496512,The Green Party supports Lancaster University UCU union members  who on Feb 20 21 28 and 1 2 March¬†are striking in a dispute over pensions  workloads  casualisation  pay and pay equality  See¬†,2022-02-22 10:19:24+00:00,123369322,6,13,0,1,"North Lancashire, England, UK","Lancaster, England",['https://t.co/IRDEbJYjs9'],[],[],positive
1496502953238274052,Just posted a photo   Lancaster University ,2022-02-23 15:11:22+00:00,63722383,0,0,0,0,"Lancaster University, UK","North West, England",['https://t.co/6kfM4TEkm5'],[],[],neutral
1496935075186937866,Y10 Girls enjoyed an afternoon at Lancaster University for the thisgirlcanglow event run by Lancashire Youth Games organisers  Glow in the dark boogiesize followed by dogdeball  Lots of neon face paint  glow sticks and high vis vests    ,2022-02-24 19:48:28+00:00,1447177676,4,17,0,0,,"South Shore, England",['https://t.co/RhOGbfbQN0'],"['lythamhigh', 'WyreandFyldeSGO']",['thisgirlcanglow'],positive
1496855869560172545,Just posted a photo   Lancaster University ,2022-02-24 14:33:44+00:00,63722383,0,0,0,0,"Lancaster University, UK","North West, England",['https://t.co/Yk3uhfGQ2X'],[],[],neutral
1497250919364259842,Just posted a photo   Lancaster University ,2022-02-25 16:43:31+00:00,63722383,0,0,0,0,"Lancaster University, UK","North West, England",['https://t.co/xGp6JUeL0D'],[],[],neutral
1498729792643948547, spanner13  I remeber reading a paper that used extreme value analysis  Gumbel distributions  to determine the likelihood that athletes had been doping  Was someone out of Lancaster University  I think  There are upper limits of natural physical performance ,2022-03-01 18:40:02+00:00,3050774834,0,0,0,0,"Bedford, England","Stagsden, England",[],"['anna_spanner13', 'RevRichardColes']",[],negative
1498653560850063364,Just posted a photo   Lancaster University ,2022-03-01 13:37:07+00:00,63722383,0,1,0,0,"Lancaster University, UK","North West, England",['https://t.co/K9PKHfVKmo'],[],[],neutral
1499036206390120449,Just posted a photo   Lancaster University ,2022-03-02 14:57:37+00:00,63722383,0,0,0,0,"Lancaster University, UK","North West, England",['https://t.co/Hc6qeQCEks'],[],[],neutral
1499395013125488641,Just posted a photo   Lancaster University ,2022-03-03 14:43:23+00:00,63722383,0,0,0,0,"Lancaster University, UK","North West, England",['https://t.co/Y8tNOcjedE'],[],[],neutral
1499774708337758211,Day one of the what University event in Birmingham ‚úÖ it has been great chatting with so many people about studying at Lancaster  with many people interested in Science üß™ come and say hi if you‚Äôre attending tomorrow  ,2022-03-04 15:52:09+00:00,908821482,0,5,0,0,"Lancaster, England","Birmingham, England",['https://t.co/JrUMk4IUdj'],[],[],positive
1499741200361922561,Just posted a photo   Lancaster University ,2022-03-04 13:39:00+00:00,63722383,0,0,0,0,"Lancaster University, UK","North West, England",['https://t.co/aGxEJpswLK'],[],[],neutral
1500042913308450817,One of our directors  McAllister spoke at the Lancaster University School of Architecture Tea talks yesterday The talks discussed Architecture and ClimateEmergency Archihive Architect Lecturer archistudent archilovers ribanorthwest archdaily TEATalk ,2022-03-05 09:37:54+00:00,1423911103680163844,1,1,0,0,"Lancaster, England","Halton, England",['https://t.co/Z5Zt6U9lcn'],"['Si_McAllister', 'LancsArc']","['Architecture', 'ClimateEmergency', 'Archihive', 'Architect', 'Lecturer', 'archistudent', 'archilovers', 'ribanorthwest', 'archdaily', 'TEATalk']",neutral
1501552382773239819,Just posted a photo   Lancaster University ,2022-03-09 13:36:00+00:00,63722383,0,0,0,0,"Lancaster University, UK","North West, England",['https://t.co/SQRPnBQb4z'],[],[],neutral
1501478348144488449,Super excited to get started on the interior design project for Lancaster University Chaplaincy  One of the most beautiful buildings I‚Äôve had the honour of designing and I look forward to seeing the results  ‚≠êÔ∏è interiordesign commercialinteriors ,2022-03-09 08:41:48+00:00,46144762,1,3,0,2,"North West, England","Lancaster, England",['https://t.co/08AAHQOelM'],[],"['interiordesign', 'commercialinteriors']",positive
1501916419516252164,Just posted a photo   Lancaster University ,2022-03-10 13:42:33+00:00,63722383,3,0,0,0,"Lancaster University, UK","North West, England",['https://t.co/HTETouwb8z'],[],[],neutral
1501884402267209729, Thanyou for the follow  I ve just read your bio and see you are studying law  My son is in his second year studying law at Lancaster University üòä,2022-03-10 11:35:19+00:00,1693694041,0,0,0,0,Mars,"Luton, England",[],['lega1lybrunette'],[],neutral
1502310693789384709,Just posted a photo   Lancaster University ,2022-03-11 15:49:15+00:00,63722383,0,0,0,0,"Lancaster University, UK","North West, England",['https://t.co/sF1yEcAgni'],[],[],neutral
1503465331297239043,Lancaster University  disculpe la molestia  le gustar√≠a dar otra clase de Cardio  esta vez sobre Embriolog√≠a üë∂ y cardiopat√≠as cong√©nitas  ü©∫üíîYo en chinga  ex coordinador e instructor de Embriolog√≠a por casi 5 a√±os  ,2022-03-14 20:17:22+00:00,1217155978870906881,0,32,0,1,"Manchester, England","Cardiff, Wales",['https://t.co/iWXt0fmK8V'],[],[],neutral
1503702702055989255,Just posted a photo   Lancaster University ,2022-03-15 12:00:36+00:00,63722383,0,0,0,0,"Lancaster University, UK","North West, England",['https://t.co/r9wNirHq9x'],[],[],neutral
1504077594072911876,Just posted a photo   Lancaster University ,2022-03-16 12:50:17+00:00,63722383,0,0,0,0,"Lancaster University, UK","North West, England",['https://t.co/wRkI1vONw4'],[],[],neutral
1504436269392277508,Just posted a photo   Lancaster University ,2022-03-17 12:35:32+00:00,63722383,0,0,0,0,"Lancaster University, UK","North West, England",['https://t.co/VCJ1IxHwIQ'],[],[],neutral
1504790756338241537,Just posted a photo   Lancaster University ,2022-03-18 12:04:08+00:00,63722383,0,0,0,0,"Lancaster University, UK","North West, England",['https://t.co/UTWx00gnop'],[],[],neutral
1506276437522894861,Just posted a photo   Lancaster University ,2022-03-22 14:27:42+00:00,63722383,0,0,0,0,"Lancaster University, UK","North West, England",['https://t.co/TzESfOwNN4'],[],[],neutral
1506615251336323080,Just posted a photo   Lancaster University ,2022-03-23 12:54:02+00:00,63722383,0,0,0,0,"Lancaster University, UK","North West, England",['https://t.co/cMOvTTarS9'],[],[],neutral
1506977227681980426,Je suis Victoria  une √©tudiante de seconde ann√©e dans Lancaster University au Royaume Uni  Dans l‚Äôuniversit√© j‚Äôacquerrai une licence en √©tudes fran√ßaises et anglaises  Actuellement  je cherche une placement en France au propos d‚Äôy aller le prochaine ann√©e acad√©mique ,2022-03-24 12:52:24+00:00,1165795158530633728,0,0,0,1,,"Lancaster, England",[],[],[],neutral
1506970704465600523,Just posted a photo   Lancaster University ,2022-03-24 12:26:28+00:00,63722383,0,0,0,0,"Lancaster University, UK","North West, England",['https://t.co/mVHKPixyNO'],[],[],neutral
1508815223645474822,Just posted a photo   Lancaster University ,2022-03-29 14:35:56+00:00,63722383,0,0,0,0,"Lancaster University, UK","North West, England",['https://t.co/1JoO7oKZDA'],[],[],neutral
1508745047033974785,Just posted a photo   Lancaster University ,2022-03-29 09:57:04+00:00,148525974,0,0,0,0,"Lancaster, England","North West, England",['https://t.co/mlxooPnYOd'],[],[],neutral
1511344493576044550,Just posted a photo   Lancaster University ,2022-04-05 14:06:21+00:00,63722383,0,0,0,0,"Lancaster University, UK","North West, England",['https://t.co/7O54rMF9xC'],[],[],neutral
1511705182060658702,Looking forward to doing so e work today with Dr  over at Lancaster University rhis afternoon  The amount of support we ve had and inclusion from University s up North as been second to none  Thanks for always thinking of us   ,2022-04-06 13:59:36+00:00,4832395215,0,20,0,2,United Kingdom,"Manchester, England",['https://t.co/07S3H6koUs'],['CathHill2'],[],positive
1513874261068464133,Just posted a photo   Lancaster University ,2022-04-12 13:38:44+00:00,63722383,0,0,0,0,"Lancaster University, UK","North West, England",['https://t.co/nY2sJDIgR7'],[],[],neutral
1514942320738770960,Just posted a photo   Lancaster University ,2022-04-15 12:22:50+00:00,63722383,0,0,0,0,"Lancaster University, UK","North West, England",['https://t.co/ElFjB0vYBd'],[],[],neutral
1515674874395648000,Wishing a Happy Easter to everyone who celebrates  from all of us here at the Careers Team üê•ü•öhappyeaster eastersunday lovelancaster lancasteruniversitycareers   Lancaster University ,2022-04-17 12:53:44+00:00,63722383,0,0,0,0,"Lancaster University, UK","North West, England",['https://t.co/jxIRedPLdH'],[],"['happyeaster', 'eastersunday', 'lovelancaster', 'lancasteruniversitycareers']",positive
1516132497519624195, rows Your bio is an interesting read  My son is just finishing his second year in law at Lancaster University,2022-04-18 19:12:10+00:00,1693694041,0,1,0,1,Mars,"Luton, England",[],['Row_rows'],[],positive
1516435032205791232,Just posted a photo   Lancaster University ,2022-04-19 15:14:20+00:00,63722383,0,0,0,0,"Lancaster University, UK","North West, England",['https://t.co/uJmGfWIRhM'],[],[],neutral
1516750069109719045,Just posted a photo   Lancaster University ,2022-04-20 12:06:10+00:00,148525974,0,0,0,0,"Lancaster, England","North West, England",['https://t.co/BBgIQuSMon'],[],[],neutral
1516744246816124937,Just posted a photo   Lancaster University ,2022-04-20 11:43:02+00:00,63722383,0,0,0,0,"Lancaster University, UK","North West, England",['https://t.co/4LKUaWR5ZV'],[],[],neutral
1517139696136056835,Just posted a photo   Lancaster University ,2022-04-21 13:54:25+00:00,63722383,0,0,0,0,"Lancaster University, UK","North West, England",['https://t.co/pJc2DwTRMq'],[],[],neutral
1517505143482339329,Just posted a photo   Lancaster University ,2022-04-22 14:06:34+00:00,63722383,0,0,0,0,"Lancaster University, UK","North West, England",['https://t.co/hbHBjexmB3'],[],[],neutral
1517816767279771650,Just posted a photo   Lancaster University ,2022-04-23 10:44:51+00:00,63722383,0,0,0,0,"Lancaster University, UK","North West, England",['https://t.co/MsXROuUJmb'],[],[],neutral
1518993274211606529,Huge congratulations to the SEVEN  finalists at this years‚Äô national  Undergraduate of the Year Awards 2022  Inspiring levels of student talent  Looking forward to the final ceremony this Friday in London üéâ UGOY22‚≠êÔ∏è‚≠êÔ∏è‚≠êÔ∏è‚≠êÔ∏è‚≠êÔ∏è‚≠êÔ∏è‚≠êÔ∏è,2022-04-26 16:39:52+00:00,1048602963101536258,1,3,0,0,"Lancashire, UK","Lancaster, England",['https://t.co/eF1X8c4elZ'],"['LancasterUni', 'targetjobsUK']","['congratulations', 'UGOY22']",positive
1518948521113788416,Just posted a photo   Lancaster University ,2022-04-26 13:42:02+00:00,63722383,0,0,0,0,"Lancaster University, UK","North West, England",['https://t.co/aOZIY0e00S'],[],[],neutral
1518938675559686145, b 1  Sociology2  University of Kent3  Lancaster University4  University of YorkThe pattern is 1960s plate glass universities üòÜ,2022-04-26 13:02:55+00:00,30080693,0,0,0,0,Canterbury,"Canterbury, England",[],['cant_b'],[],neutral
1519335582505353218,Just posted a photo   Lancaster University ,2022-04-27 15:20:05+00:00,63722383,0,0,0,0,"Lancaster University, UK","North West, England",['https://t.co/TJDtbRzLMl'],[],[],neutral
1519613701250330627,   First year Lancaster University 1980 81 a broken hearted first year played ‚ÄúAll out of Love‚Äù by Air Supply ‚Ä¶for days‚Ä¶ on a loop‚Ä¶ which echoed through the quad constantly‚Ä¶ I still shudder at the thought and the song takes me straight back  Sorry we were unsympathetic ,2022-04-28 09:45:14+00:00,2583946550,0,1,1,0,"North West, England","Burnley, England",[],"['BBCWomansHour', 'juderogers', 'Emmabarnett']",[],positive
1519612239120109568,We re at Lancaster University today with some of our fantastic ISVAs  giving information to students about the support LVS can offer to anyone impacted by crime  ,2022-04-28 09:39:25+00:00,3433957907,0,7,1,0,Lancashire,"North West, England",['https://t.co/VamoYiSFyU'],[],[],positive
1520070939467202560,rosesarered   Lancaster University ,2022-04-29 16:02:08+00:00,955123466,0,0,0,0,Exeter,"North West, England",['https://t.co/ybdEp1nnhH'],[],['rosesarered'],neutral
1520411531531505666,Return of the Mac                    meetatthequarterback dline roses   Lancaster University ,2022-04-30 14:35:31+00:00,531117276,0,0,0,0,"Clayton-le-Woods, England","North West, England",['https://t.co/OnhyXAV5tV'],[],"['meetatthequarterback', 'dline', 'roses']",neutral
1520889863066767362,roses2022 Day 3Category  Beauty and PassionSee you Roses 2023   Lancaster University ,2022-05-01 22:16:14+00:00,943188278,0,1,0,0,"Lancaster, England","North West, England",['https://t.co/t0W1eN7OqC'],[],['roses2022'],neutral
1521239769182871557,Eid ul Fitre Celebration 2022üåÉOrganized by Lancaster University Bangladeshi Society  LUBS ü§ù EidMubark  venue  ,2022-05-02 21:26:38+00:00,298997136,1,5,0,1,"Lancaster, United Kingdom",Lancaster Environment Centre,['https://t.co/KLazcyGmqp'],"['LancasterUni', 'LancsUniLEC']","['EidMubark', 'venue']",neutral
1521103351039111169,Just posted a photo   Lancaster University ,2022-05-02 12:24:34+00:00,148525974,0,0,0,0,"Lancaster, England","North West, England",['https://t.co/ennsPBbxsl'],[],[],neutral
1521551489805787139,Just posted a photo   Lancaster University ,2022-05-03 18:05:18+00:00,148525974,0,0,0,0,"Lancaster, England","North West, England",['https://t.co/p7fHSb38MS'],[],[],neutral
1521543647145205760,Shakespeare in Law   Lancaster University ,2022-05-03 17:34:09+00:00,51511948,0,0,0,0,"Lancaster University, England","North West, England",['https://t.co/UaqPmLTrJl'],[],[],neutral
1521519701251313666,Lancaster University 6th May 2 4pm  Eid barbecue  Just pre register  then bring yourself  amp  a little ray of sunshine   ,2022-05-03 15:58:59+00:00,2738849787,0,3,0,2,United Kingdom,"North West, England",['https://t.co/RfRI34WyDX'],[],[],negative
1521506338668523522,Just posted a photo   Lancaster University ,2022-05-03 15:05:54+00:00,63722383,0,0,0,0,"Lancaster University, UK","North West, England",['https://t.co/D0RUYcLcnP'],[],[],neutral
1521441923898265601,Just found out  and I both graduated County college at Lancaster University  Did you  Do it for the Tree  Andy ,2022-05-03 10:49:56+00:00,243422736,0,0,0,0,,"Bracknell, England",[],['andyserkis'],[],neutral
1521834698997174274,Just posted a photo   Lancaster University ,2022-05-04 12:50:41+00:00,63722383,0,0,0,0,"Lancaster University, UK","North West, England",['https://t.co/lNPNqM4WLZ'],[],[],neutral
1522257724129660929,Wonderful to be in Lancaster  with    to meet students and faculty ,2022-05-05 16:51:38+00:00,2799972731,2,6,0,0,"London, U.K.",Lancaster University Sports Centre,['https://t.co/A9UchfdoJd'],"['LancasterUni', 'ValedeAlmeidaEU', 'EUdelegationUK']",['Lancaster'],positive
1522186551287033856,Just posted a photo   Lancaster University ,2022-05-05 12:08:49+00:00,63722383,0,0,0,0,"Lancaster University, UK","North West, England",['https://t.co/OvGTf6SV2o'],[],[],neutral
1522160755738652672,The health innovation campus at Lancaster University has incredible support on offer with leading healthcare innovations  why not come and meet them and find out how they can support you at GBConfex22 ,2022-05-05 10:26:19+00:00,3653118738,2,3,0,0,Lancashire,"Blackburn, England",['https://t.co/EKapHkGTZj'],[],['GBConfex22'],positive
1522127776043655169,How do you get to town or to Lancaster University  How many steps did you take today  You are welcome to record your steps and complete your Green Passport to receive an eco bag and T shirt with our campaign logo on it  üíöüåèüíöhowmanystepslu protectenvironment ,2022-05-05 08:15:16+00:00,1513377412947623942,0,0,0,0,,Lancaster University Library,['https://t.co/3gwcX8hL3k'],[],"['howmanystepslu', 'protectenvironment']",positive
1522118650626560002,We are encouraging students at Lancaster University to join the green  low carbon walking campaign  Feel free to follow us and use the howmanystepslu hashtag to get involved in our campaign  howmanystepslu lowcarbon lancasteruniversity environment greenlife ,2022-05-05 07:39:00+00:00,1513377412947623942,0,0,0,0,,Lancaster University Library,['https://t.co/h4pTB31aDJ'],[],"['howmanystepslu', 'howmanystepslu', 'lowcarbon', 'lancasteruniversity', 'environment', 'greenlife']",positive
1524007036983328769,Just posted a photo   Lancaster University ,2022-05-10 12:42:46+00:00,63722383,0,0,0,0,"Lancaster University, UK","North West, England",['https://t.co/9w5sZj0ld2'],[],[],neutral
1524456558742192135,Just posted a photo   Lancaster University ,2022-05-11 18:29:01+00:00,63722383,0,0,0,0,"Lancaster University, UK","North West, England",['https://t.co/P1NpKG77HS'],[],[],neutral
1524735886176497672,Just posted a photo   Lancaster University ,2022-05-12 12:58:58+00:00,63722383,0,0,0,0,"Lancaster University, UK","North West, England",['https://t.co/DYDzXDgI4R'],[],[],neutral
1525083848278568961,Just posted a photo   Lancaster University ,2022-05-13 12:01:38+00:00,63722383,0,0,0,0,"Lancaster University, UK","North West, England",['https://t.co/9UzwVUZdRK'],[],[],neutral
1526515768673767424,Just posted a photo   Lancaster University ,2022-05-17 10:51:35+00:00,63722383,0,0,0,0,"Lancaster University, UK","North West, England",['https://t.co/PBrIYgu2s3'],[],[],neutral
1526928716739248129,Just posted a photo   Lancaster University ,2022-05-18 14:12:29+00:00,63722383,0,0,0,0,"Lancaster University, UK","North West, England",['https://t.co/HzAp6AIox3'],[],[],neutral
1527287074369380354,Just posted a photo   Lancaster University ,2022-05-19 13:56:28+00:00,63722383,0,0,0,0,"Lancaster University, UK","North West, England",['https://t.co/OwRsKYXZZU'],[],[],neutral
1527257157254643712,Lancaster University and Castle Prison that held Paddington in Paddington 2  Not pictured  Witches  Eye Gouging  Ducks  and farm smell  a good thing    Lancaster University ,2022-05-19 11:57:36+00:00,15473449,0,0,0,0,"√úT: 35.219727,-97.443337","North West, England",['https://t.co/G7qQq0d9sL'],[],[],positive
1527641315663560705,Just posted a photo   Lancaster University ,2022-05-20 13:24:06+00:00,63722383,0,0,0,0,"Lancaster University, UK","North West, England",['https://t.co/Yu6Grcjk2E'],[],[],neutral
1529083501630394369,Just posted a photo   Lancaster University ,2022-05-24 12:54:50+00:00,63722383,0,0,0,0,"Lancaster University, UK","North West, England",['https://t.co/YT2VVVPVK1'],[],[],neutral
1529424116775804929,Just posted a photo   Lancaster University ,2022-05-25 11:28:19+00:00,63722383,0,0,0,0,"Lancaster University, UK","North West, England",['https://t.co/pkriwmR0O7'],[],[],neutral
1529819262650617858,Just posted a photo   Lancaster University ,2022-05-26 13:38:29+00:00,63722383,0,0,0,0,"Lancaster University, UK","North West, England",['https://t.co/hFK1iXQsuQ'],[],[],neutral
1531593433583759360,Just posted a photo   Lancaster University ,2022-05-31 11:08:24+00:00,63722383,0,0,0,0,"Lancaster University, UK","North West, England",['https://t.co/YvdKBsGZGL'],[],[],neutral
1534157094303170560,Just posted a photo   Lancaster University ,2022-06-07 12:55:29+00:00,63722383,0,0,0,0,"Lancaster University, UK","North West, England",['https://t.co/PRORfbLNiH'],[],[],neutral
1534476911866429442,Just posted a photo   Lancaster University ,2022-06-08 10:06:19+00:00,63722383,0,0,0,0,"Lancaster University, UK","North West, England",['https://t.co/wZAdCBFewg'],[],[],neutral
1534849260751052800,Just posted a photo   Lancaster University ,2022-06-09 10:45:54+00:00,63722383,0,0,0,0,"Lancaster University, UK","North West, England",['https://t.co/GzVwGrErca'],[],[],neutral
1535252592175067136,Just posted a photo   Lancaster University ,2022-06-10 13:28:36+00:00,63722383,0,0,0,0,"Lancaster University, UK","North West, England",['https://t.co/jVaKhRcTfp'],[],[],neutral
1536710799426785281,Just posted a photo   Lancaster University ,2022-06-14 14:02:59+00:00,63722383,0,0,0,0,"Lancaster University, UK","North West, England",['https://t.co/FoQvBQCCKd'],[],[],neutral
1537077324755214338,Just posted a photo   Lancaster University ,2022-06-15 14:19:26+00:00,63722383,0,0,0,0,"Lancaster University, UK","North West, England",['https://t.co/CuXM7Cmj4C'],[],[],neutral
1537448704340160513,Just posted a photo   Lancaster University ,2022-06-16 14:55:10+00:00,63722383,0,0,0,0,"Lancaster University, UK","North West, England",['https://t.co/QFXbbtqOh6'],[],[],neutral
1538980580536246272,The secondary school I went to and the university I went to üôåüèª I absolutely loved my time at Lancaster ü•∞ ,2022-06-20 20:22:17+00:00,3188488593,0,2,0,0,"Swindon, England","Swindon, England",['https://t.co/wALmQPZYrS'],[],[],positive
1539231926200193024,Just posted a photo   Lancaster University ,2022-06-21 13:01:03+00:00,63722383,0,0,0,0,"Lancaster University, UK","North West, England",['https://t.co/wcPTm26YkB'],[],[],neutral
1539568819118788608,Midsommar vibes this morning for a location shoot with Lancaster University  ,2022-06-22 11:19:44+00:00,19532939,0,2,0,0,"Manchester, England","Lancaster, England",['https://t.co/wKE0oHhGLe'],[],[],neutral
1539926352681476097,Just posted a photo   Lancaster University ,2022-06-23 11:00:27+00:00,63722383,0,0,0,0,"Lancaster University, UK","North West, England",['https://t.co/IfyikVwmHO'],[],[],neutral
1540241625712132098, To answer your question  I think several groups of people will be better off if they build the flats  the developers obvs  but also students  town centre businesses  families who want to buy a house  the university  and residents who want to see Lancaster prosper,2022-06-24 07:53:14+00:00,2721503043,0,0,0,1,"Morecambe, England","Middleton, England",[],['janebinnion'],[],positive
1542527184723759106,Just posted a photo   Lancaster University ,2022-06-30 15:15:14+00:00,63722383,0,0,0,0,"Lancaster University, UK","North West, England",['https://t.co/WlLCHdEiVE'],[],[],neutral
1544326086426857472,Just posted a photo   Lancaster University ,2022-07-05 14:23:25+00:00,63722383,0,0,0,0,"Lancaster University, UK","North West, England",['https://t.co/CfDVYdwLV2'],[],[],neutral
1544290623414575105, mattswildlife Yup  there was me  amp  one other person of colour on my campus  Ambleside  And maybe  3 people of colour to graduate from the University of Cumbria  Ambleside  Lancaster  amp  Carlisle combined this year ,2022-07-05 12:02:30+00:00,1185937422078623744,0,1,0,0,,"Ambleside, England",[],['_mattswildlife'],[],negative
1545160782299729921, here Go   I got in with a Spanish GCSE  I d a Btech level III which was out of date but talked myself in with my Trade Union experience   Dr  Hopeful  really  at Lancaster University had asked me  at 26 with a child on the way  to study A Levels  before accepting me  He was an Arse ,2022-07-07 21:40:12+00:00,1156591794177683456,0,0,0,0,Salford ,"Salford, England",[],['MrsM_here'],[],positive
1545155013252730882,Just now  from the edge of the Lancaster University campus ,2022-07-07 21:17:17+00:00,3005755239,0,8,0,0,"Lancaster, England","North West, England",['https://t.co/8s57MisNpg'],[],[],neutral
1546220354569441280,Loved Pete Shelley   My first punk gig at Lancaster University watching the Buzzcocks   An inspiration to the DIY ethic   But most of all a person able to express themselves whilst inspiring a generation  ,2022-07-10 19:50:34+00:00,1156591794177683456,0,0,0,0,Salford ,"Salford, England",['https://t.co/U6O7AHmkgE'],[],[],positive
1546813970681454592,Just posted a photo   Lancaster University ,2022-07-12 11:09:23+00:00,63722383,0,0,0,0,"Lancaster University, UK","North West, England",['https://t.co/wOiQAZqrLY'],[],[],neutral
1547187166362669057,Just posted a photo   Lancaster University ,2022-07-13 11:52:20+00:00,63722383,0,0,0,0,"Lancaster University, UK","North West, England",['https://t.co/eLrLch04yV'],[],[],neutral
1547580279715270661,Just posted a photo   Lancaster University ,2022-07-14 13:54:25+00:00,63722383,0,0,0,0,"Lancaster University, UK","North West, England",['https://t.co/epFEobguDT'],[],[],neutral
1547909052620951552, It would be astonishing  yet highly possible  You might have looked this up already  according to the weather station that s been at Hazelrigg  University of Lancaster  today  since 1976  the record to be beaten is 32 1C on August 2 1990  Hope you have lots of shade nearby ,2022-07-15 11:40:51+00:00,3814511,0,0,0,1,Surrey & Sussex,"South East, England",[],['coreofsteel1'],[],positive
1548262060370276353,It‚Äôs another Lancaster University open day  Slightly cooler today which is very welcome  Plenty of visitors exploring our gorgeous campus  ,2022-07-16 11:03:35+00:00,93058760,1,11,0,0,Lancashire,Alexandra Square,['https://t.co/fB8rz2gSXW'],[],[],positive
1549360523422027777,Just posted a photo   Lancaster University ,2022-07-19 11:48:29+00:00,63722383,0,0,0,0,"Lancaster University, UK","North West, England",['https://t.co/KhhpLlBdvE'],[],[],neutral
1549752387627130881,Just posted a photo   Lancaster University ,2022-07-20 13:45:36+00:00,63722383,0,0,0,0,"Lancaster University, UK","North West, England",['https://t.co/xpuDhbJay2'],[],[],neutral
1550424376574722051,Lancaster‚Äôs skyscraper  Originally a commission  now available to buy as an open edition A4 print Willy Tom Building  St  Martin‚Äôs College University of Cumbria   Mid Century Modern High Rise Architecture Art Print lancaster uoc MHHSBD,2022-07-22 10:15:51+00:00,1235245680458895363,3,1,0,0,,"Lancaster, England",['https://t.co/5IPNhwaQCP'],[],"['lancaster', 'uoc', 'MHHSBD']",positive
1550420552677990401,I‚Äôve just relisted this one on my Etsy store  Lancaster‚Äôs skyscraper  Lancaster   Willy Tom Building  St  Martin‚Äôs College University of Cumbria   Mid Century Modern High Rise Architecture Art Print lancaster uoc MHHSBD ,2022-07-22 10:00:39+00:00,1235245680458895363,2,1,0,0,,"Lancaster, England",['https://t.co/4wgO19egDi'],[],"['lancaster', 'uoc', 'MHHSBD']",positive
1551672344212537348,My girl‚ù§Ô∏è BA  hons  History Universitygradcaster ,2022-07-25 20:54:50+00:00,962748787457445888,0,3,0,0,,"Keighley, England",['https://t.co/3u8HtrlsdT'],['Lancaster'],['gradcaster'],neutral
1552580301569888256,James‚Äô graduation üë®‚Äçüéì   Lancaster University ,2022-07-28 09:02:44+00:00,1384579765,0,0,0,0,"York, England","North West, England",['https://t.co/lpPHPvN4Zh'],[],[],neutral
1553008807143526401,I ll be speaking in front of 200  delegates at  Understanding Allergen Risk in Food Businesses  at Lancaster University on Tuesday 27th September 2022  To book visit  ,2022-07-29 13:25:27+00:00,33181463,1,1,0,0,Buckinghamshire,"Chalfont Saint Peter, South East","['https://t.co/45QwjbWBuw', 'https://t.co/dIzP3Y4HEq']",[],"['foodallergies', 'foodsafety', 'allergencatering']",neutral
1552997782184611840,Lancaster  it‚Äôs been a  first  class time üéìüéâ   Lancaster University ,2022-07-29 12:41:39+00:00,1051444249076670465,0,0,0,0,"Lancaster, England","North West, England",['https://t.co/rUInwZe8zi'],[],[],positive
1552958219324198912,Just posted a photo   Lancaster University ,2022-07-29 10:04:26+00:00,2924523332,0,0,0,0,"Leeds, England","North West, England",['https://t.co/0myWdFx9ag'],[],[],neutral
1554807338032324609,Just posted a photo   Lancaster University ,2022-08-03 12:32:10+00:00,3017786972,0,0,0,0,"North West, England","North West, England",['https://t.co/Kges3pbz1D'],[],[],neutral
1555468836589260800, Didn‚Äôt see another  fan at an end of season midweek game at Preston in the mid late 90s   I‚Äôd been at a conference at Lancaster University  so was nearby anyway  Can‚Äôt be sure since  like many Swans away performances in those days  there was nothing to cheer ,2022-08-05 08:20:44+00:00,3437768603,0,2,0,0,"Walthamstow, London","Walthamstow, London",[],"['ffwtbol', 'SwansOfficial']",[],positive
1559891162290221056,Just posted a photo   Lancaster University ,2022-08-17 13:13:29+00:00,3017786972,0,0,0,0,"North West, England","North West, England",['https://t.co/5uDMunFzB3'],[],[],neutral
1560213932656189444, Loved my time at Lancaster its a great university  I was a 19 year old  but noticed that it supported mature students back in the mid 1980s ,2022-08-18 10:36:03+00:00,1025988469,0,0,0,1,,"Dewsbury, England",[],['sgwarnog'],[],positive
1560198099200577538,Sam got A   history  A  politics  and B in French  He said he‚Äôs ‚Äúfeeling great today‚Äù as his high results mean he‚Äôs off to Lancaster University to study politics  ,2022-08-18 09:33:08+00:00,397175159,3,20,0,4,Manchester,"Manchester, England",['https://t.co/70wsJ76jtz'],[],[],positive
1560934623273750530,Yesterday was the last day for my Lancaster University International Cultural Experience Summer School tutoring  Wish you good luck in the future  ,2022-08-20 10:19:49+00:00,943188278,0,2,0,0,"Lancaster, England","Lancaster, England",['https://t.co/41MDLVxmYn'],[],[],positive
1564909982239318017,Lectureship available for an ecologist at Lancaster University   disease and tropical ecology especially welcome ,2022-08-31 09:36:29+00:00,345863195,44,25,3,2,"Lancaster, UK","Northern Ireland, United Kingdom",['https://t.co/rzBb46w832'],[],[],positive
1565745490016313345,Heading to Lancaster University this weekend to conduct the former members of the LSSO for a concert and reunion  after some 42 years‚Ä¶  to celebrate the life of the inspirational Malcolm Doley  ,2022-09-02 16:56:29+00:00,4156709716,1,6,1,0,"Stratford-Upon-Avon, England","Lancaster, England",['https://t.co/lq9TSxCtpW'],[],[],positive
1567491980153724928,Just posted a photo   Lancaster University ,2022-09-07 12:36:25+00:00,3017786972,0,0,0,0,"North West, England","North West, England",['https://t.co/InmhPz2291'],[],[],neutral
1571185718315081730,Ok  We have 5 mins to create a picture for that wall  GO    Lancaster University ,2022-09-17 17:14:01+00:00,365700514,0,0,0,0,"Cheshire, UK","North West, England",['https://t.co/lbLbh32JYf'],[],[],positive
1571126237057396741,Lancaster University üòç ,2022-09-17 13:17:39+00:00,968932270890536962,0,1,0,0,"Scotland, UK/ Nongoma, SA","North West, England",['https://t.co/7oWJukzrTd'],[],[],neutral
1571929895415980034,January 2021 we were still in lock down  amp  I was off work for the 2nd time  I decided to make good use of my time  amp  begin full time MSc study with University of Central Lancaster I have completed my course  Football Science  amp  Rehabilitation with a PostGraduate Diploma with Merit  ,2022-09-19 18:31:06+00:00,38515963,0,22,0,1,"Dundee, Scotland","Dundee, Scotland",['https://t.co/vlDMAJtZUW'],[],[],positive
1573684435039490054, in conversation with Barry Lucas about the bands that played Lancaster in the 1970s and 80s  Part of our library festival lulibfest    Lancaster University ,2022-09-24 14:43:01+00:00,1273771,0,0,0,0,"lancaster, UK","North West, England",['https://t.co/LBp4InJSYE'],"['andrewcareytoo', 'lancasteruniversitylibrary']",['lulibfest'],neutral
1573639921960890368,James Fuller playing soulful tunes as part of our library festival lulibfest    Lancaster University ,2022-09-24 11:46:08+00:00,1273771,0,0,0,0,"lancaster, UK","North West, England",['https://t.co/3GsetBUQLZ'],['lancasteruniversitylibrary'],['lulibfest'],neutral
1579455771301281792,I m going to come over like a right metropolitan elitist here  but my bus driver from Lancaster town centre to the University just popped out to do some shopping in Spa  Is that normal here  ü§∑‚Äç‚ôÇÔ∏èconfusedsouthener,2022-10-10 12:56:15+00:00,36965543,0,15,0,4,"Bucks, London, and Lancaster","Lancaster, England",[],[],['confusedsouthener'],positive
1579758846066950145,A different take on Poundbury by a media lecturer at Lancaster University writing an opinion piece for  ,2022-10-11 09:00:34+00:00,21071916,0,0,0,1,London via SG | HK | ATL | NY,"Camberwell, London",['https://t.co/5MlCradZJw'],['openDemocracy'],['Poundbury'],neutral
1580511108166606848,Focusing on what makes Lancaster University unique  Take a look at our 2023 undergraduate and postgraduate marketing campaign for the global university ,2022-10-13 10:49:47+00:00,4041437379,0,1,0,0,"Lancaster, England","Lancaster, England","['https://t.co/UK8jWtSz5B', 'https://t.co/860oeOI7BX']",[],[],positive
1580982401567952901, Lancaster also has a sign saying  Home of Lancaster University  in case you forget,2022-10-14 18:02:32+00:00,971142365758009345,0,1,0,0,"Lancaster, Lancashire","Penrith, England",[],['JenOnTheMoveUK'],[],neutral
1582947272085897221,My Laptop when I study in Lancaster University MacbookAir Macbook MacbookAirM2 MacOS     Lancaster University ,2022-10-20 04:10:14+00:00,1417427301281632257,0,0,0,0,Semarang,"North West, England",['https://t.co/qhyL1SxYcM'],[],"['MacbookAir', 'Macbook', 'MacbookAirM2', 'MacOS']",neutral
1583938869313310720,A couple of weeks ago when I went the Cathedral for the Relics of St Bernadette I realised Father  Stuart is the student from Lancaster university studying theology to become a priest in the BBC Teach video about homosexuality ,2022-10-22 21:50:29+00:00,2903788283,0,0,0,0,"North West, England","Middleton, England",[],[],[],neutral
1583809707491622912,Chemistry fun with  j lancaster at ueaopenday  ueaopenday ueascience newstudents studywithus chemistryiscool chemistryisfun university ,2022-10-22 13:17:14+00:00,843866942,2,7,1,0,"Norwich, UK","Norwich, England",['https://t.co/OldKMGBFCI'],['s_j_lancaster'],"['ueaopenday', 'ueaopenday', 'ueascience', 'newstudents', 'studywithus', 'chemistryiscool', 'chemistryisfun', 'university']",positive
1584272247807623168, 1966 Forty years ago I was Consticom Chairman at Lancaster University running elections  It was far harder work keeping the politicians within the rules than being a politician  Learned a lesson about political parties from that  The grownups are just as untrustworthy even now ,2022-10-23 19:55:12+00:00,594738598,0,1,0,0,LA1 and SA47,"Lancaster, England",[],['tjm_1966'],[],neutral
1585161177818185728,Just posted a photo   Lancaster University ,2022-10-26 06:47:30+00:00,3017786972,0,0,0,0,"North West, England","North West, England",['https://t.co/GeFrxS8Mmk'],[],[],neutral
1586047328158367744,Just posted a photo   Lancaster University ,2022-10-28 17:28:45+00:00,3017786972,0,0,0,0,"North West, England","North West, England",['https://t.co/esxZKrVfHY'],[],[],neutral
1585926562876121088,Some super exciting news for a Friday   we re advertising our 1st graduate trainee post   So many brilliant aspects of this job üòç  If you graduated from Lancaster University in the past 3 years take a look üëÄ,2022-10-28 09:28:52+00:00,957019058058223618,9,16,0,0,"Lancaster, England","Lancaster, England",[],['LancasterUniLib'],[],positive
1586335916775378945,Butterfly  amp  Moth Conference at Lancaster University  rebooting my rusty Zoology roots   Lancs ,2022-10-29 12:35:29+00:00,568349106,1,14,0,0,"North West, England",IENS Biology Lecture Theatre,['https://t.co/2ctHDu6z1w'],['BC_Lancs'],[],neutral
1588235239838597122,I saw Ron Peck‚Äôs Nighthawks in 1979 during my first year at Lancaster University just a few months after I‚Äôd begun to come out  Though I left the screening bewildered  even fearful  of the road less travelled I‚Äôd embarked on  I was more certain than ever it was the right one  ,2022-11-03 18:22:43+00:00,147128542,3,22,0,1,Edinburgh | Pittenweem ,"Edinburgh, Scotland",['https://t.co/FkTP5K6HMU'],[],[],negative
1588497693172977664,We are delighted to announce that Mike Berners Lee  an English researcher and writer on carbon footprinting  a professor and fellow of the Institute for Social Futures at Lancaster University will be speaking at our conference on 22 Nov Register now ,2022-11-04 11:45:37+00:00,2438730223,0,0,0,0,London,"South West, England","['https://t.co/75PqWJBLbb', 'https://t.co/BS9Bywhq6k']",[],[],positive
1588462906462867457,One of the recommendations that I made in my diss was that Lancaster Uni should follow the example of Bristol Uni by allowing students to consent to their parents guardians being contacted in the case of extreme mental health difficulties  on the university registration form ,2022-11-04 09:27:23+00:00,1252611338356080645,0,1,0,1,East Riding/Cumbria,"Beverley, England",[],[],[],negative
1588960600159555584,My set from Lancaster University s Library festival is available to download on Bandcamp and listen via SoundCloud  link in bio  Really chuffed with how these recordings turned out and big love to the library team for running the event ‚ù§Ô∏èüåπelectronica lancasteruni ,2022-11-05 18:25:03+00:00,1465308104191627265,1,4,1,0,Lancaster (UK),"Lancaster, England",['https://t.co/vgz5p8znkq'],[],"['electronica', 'lancasteruni']",positive
1589762759906177024,Had the privilege of working with  again today at Lancaster University for another rehearsed reading of true events of asylum seekers  a very inspirational and educational day  üí•,2022-11-07 23:32:32+00:00,2748333442,1,7,0,0,"Manchester, England","North West, England",[],['iceandfireuk'],[],positive
1590683225105387520,Organised by Halton Mill in partnership with Lancaster University Environment Centre  amp  Lancaster City Council  Cutting edge research on the Amazon  Contributions from journalists  environmental campaigning organisations  amp  activists  Full programme hereüëáüèª,2022-11-10 12:30:08+00:00,123369322,0,1,0,0,"North Lancashire, England, UK","Lancaster, England",['https://t.co/H6GVQb4etr'],[],[],negative
1592231710305157121, Currently studying a PhD in Education and Social Justice at Lancaster University  Research interests include widening participation practitioners and how they navigate both national and institutional policy  Also interested in the role of purposeful dialogue in WP interventions ,2022-11-14 19:03:16+00:00,314607382,1,7,0,2,,"Halesowen, England",[],['ThePhDPlace'],[],positive
1593050766402801664,Our recently completed Garden Design project in Ellel Galgate Lancaster near the University near the A6Bay Gardeners Gold Award Winning Garden Design Team ,2022-11-17 01:17:54+00:00,64847520,0,1,0,0,Morecambe Lancashire ,"Galgate, England","['https://t.co/yM4NnVEF2k', 'https://t.co/wtUlC8GRzu']",[],[],positive
1594090869371854848,Can t wait to show the show we created over the last year to the world from next week  Big love and gratitude to my fantastic friend  director and fellow leopard lady    Lancaster University ,2022-11-19 22:10:54+00:00,67846696,0,0,0,0,"Sheffield, England","North West, England",['https://t.co/EwtJrfzXke'],['gillianjanelees'],[],positive
1596329683850854404, Maybe not a guitar solo but Hendrix s opening on All Along The Watchtower always takes me back to Cartmel College bar  and its jukebox  University of Lancaster 1975 8 ,2022-11-26 02:27:09+00:00,91672895,0,2,0,0,"Bury St Edmunds, UK","Bury Saint Edmunds, England",[],['markoftheD'],[],neutral
1598252262962655232,Over the moon to say that I will be joining Lancaster University  as Lecturer in French Studies from January  So excited to work in such an amazing department and can‚Äôt wait to get started  All my love and thanks to everyone who has supported me along the way ‚ù§Ô∏è‚ù§Ô∏è‚ù§Ô∏è ,2022-12-01 09:46:48+00:00,854353627577712640,5,391,1,67,"Birmingham, England","Lancaster, England",['https://t.co/UwqoWeEj9u'],['DeLCLancaster'],[],positive
1598238396836876289,Thanks to Megan   and everyone at the  for a great event last night  So happy to be one of your  Angels    Health Innovation Campus  Lancaster University ,2022-12-01 08:51:42+00:00,43127560,0,1,0,1,Lancaster,"North West, England",['https://t.co/zEMg3mYv5X'],"['janebinnion', 'growingclubuk']",[],positive
1601693194789744640,‚öΩÔ∏è ùóòùóªùó¥ùóπùóÆùóªùó± ùóπùóºùòÄùó≤ùòÄ ùó™ùóºùóøùóπùó± ùóñùòÇùóΩ üèÜ Whilst Englands loss will upset many  the reality for women is domestic violence is now likely to rocket 2014 research by Lancaster University highlighted that after a win or draw‚Ä¶üßµcont ,2022-12-10 21:39:50+00:00,20362041,4,9,0,1,"Catford, Lewisham","Lewisham, London","['https://t.co/mltrGVObvQ', 'https://t.co/vEKxQd8YtT']",[],[],positive
1601689481979256832,According to research from the University of Lancaster  violent domestic abuse cases rise by 38  when England loses football games  National Domestic Abuse Helpline offers support around the clock   The number is 0808 2000 247  ,2022-12-10 21:25:05+00:00,24067489,33,30,2,1,"Ealing, London","Southall, London",['https://t.co/wKBUEoyJfY'],['RefugeCharity'],[],negative
1603781092439658496,Just posted a photo   Lancaster University ,2022-12-16 15:56:23+00:00,1221111811988238337,0,0,0,0,Belgique,"North West, England",['https://t.co/otooq9zSMl'],[],[],neutral
1603542712388620289,babe  wake up  someone might have beaten your Lancaster  University and Scotforth Rural by election in December 2016 election turnout   üòî‚úåÔ∏è ,2022-12-16 00:09:09+00:00,2172538184,0,9,0,0,22 | Walthamstow | They üè≥Ô∏è‚Äç‚ößÔ∏è,"Walthamstow, London",['https://t.co/yjR8HRVtAn'],['nathanneilburns'],[],neutral
1604956835643289600,Excited to be part of this seminar series and looking forward to engaging with the audience on the 15th of February 2023 Research Methods on Gender and Management Seminars ‚Äì online series hosted by Lancaster University Management School ,2022-12-19 21:48:22+00:00,1219300147844276224,2,5,0,0,"Bath, England","Bath, England",['https://t.co/gXEb5a5jxA'],[],[],positive
1606371855199309826, Watson Oh gosh  I am shocked to read this  Heidy lectured me in fluid dynamics as part of the Geophys BSc at Lancaster University early 90s  She was a fantastic role model and I loved her story about living off cake during her first term as an undergrad  My thoughts go to her family ,2022-12-23 19:31:09+00:00,3050774834,0,2,0,0,"Bedford, England","East, England",[],['Matthew__Watson'],[],positive
1610577279771619332, University of Warwick  Coventry University  The University of Huddersfield  Lancaster University and   lead academic partner of NSIRC Link to article üîó electronbeam coldspray ndt studentship phdjourney2 2,2023-01-04 10:02:01+00:00,1336064760,0,0,0,0,"Cambridge, England","Cambridge, England",['https://t.co/ACWUOBEQ67'],['Bruneluni'],"['electronbeam', 'coldspray', 'ndt', 'studentship', 'phdjourney']",neutral
1611820961929519108,So I‚Äôm restarting learning KiSwahili and commencing a PhD in Educational Research   Higher Education  DPER  at Lancaster University BoredNoLonger üòÜüìö ,2023-01-07 20:23:58+00:00,36370231,0,29,0,4,Birmingham / Northampton,Lancaster University Library,['https://t.co/m7VX4zdx3z'],[],['BoredNoLonger'],positive
1615770243988692994,ARTIST NEWS  Im so so flattered and proud to of been asked today if I will go back to Lancaster University to give a presentation about my artist career as a successful alumni in February Of course I have said yes  ,2023-01-18 17:57:00+00:00,890877456583987200,0,11,0,1,"Manchester, England","Sale, England",['https://t.co/AGyv6uKAAn'],[],[],positive
1616730636919660545,Lancaster University in December 2022 taken on 35mm film that expired about 20yrs ago  Found a few unused cartridges in a bag after my folks moved house  üéûÔ∏èDev by  ExpiredFilm NikonF301 ,2023-01-21 09:33:15+00:00,1571548818566483972,0,2,0,0,"Lancaster, UK","Lancaster, England",['https://t.co/P2qF0vHXXP'],['TakeItEasyLab'],"['35mm', 'ExpiredFilm', 'NikonF301']",negative
1617496468562259968,Attending a seminar today to understand work completed on exploring research priority areas for people with co occuring mental health problems and alcohol use disorders from colleagues at Lancaster University  We want to develop more research in this area at  ,2023-01-23 12:16:24+00:00,4874355945,1,9,0,0,"England, United Kingdom","Preston, England",['https://t.co/NhohL6h4Pn'],['LSCFTResearch'],[],positive
1620063996362776577,    I was conducted by Mr Elgar Howarth in the Birtwistle at the very first ever brass band summer school  which was held at Lancaster University  C 1975 ,2023-01-30 14:18:50+00:00,2588967755,0,2,0,1,Burgess Hill West Sussex,"South East, England",[],"['GrimethorpeBand', 'henrywgc', 'BBCRadio3', 'KateMolleson']",[],positive
1622720202520551428,My 26 year old Lancaster University Rugby League Club socks have served me far better than whatever degree it was I got from there ,2023-02-06 22:13:39+00:00,220387693,0,13,0,3,Horsforth. (posh & near Leeds),"Leeds, England",['https://t.co/BbRgEdUbJB'],[],[],positive
1623083765315534850,Happy International The Clash Day   Rather than my normal photo of me at 15 watching the band at Lancaster University  here s my granny playing camogie  ,2023-02-07 22:18:19+00:00,1156591794177683456,1,27,1,3,Salford ,"Salford, England",['https://t.co/WTYNsL4Xji'],[],[],positive
1623225044683083778,Another brilliant workshop evening with the super talented LUTG  Good luck in your upcoming shows  üé≠   Lancaster University ,2023-02-08 07:39:43+00:00,817306699,0,1,0,0,Liverpool,"North West, England",['https://t.co/lQGEKg24U2'],[],[],positive
1624015408243113988,Dual Form by Barbara Hepworth at Lancaster University The work in bronze was created in 1965 Hepworth was the first artist who I gained a real appreciation for as a teenager Her sculpture Rock Form was displayed for decades in the centre of Wolverhampton during my youth  ,2023-02-10 12:00:20+00:00,19420186,2,36,0,4,"Lancaster, UK","Lancaster, England",['https://t.co/8qZPMBO4Cm'],[],[],positive
1624367314572349440,Lancaster university to see Lauren ü•≥ü•≥   then to the lakes,2023-02-11 11:18:41+00:00,724137608943681536,0,3,0,0,,"North West, England",[],[],[],neutral
1624846278982094848,DEBATE FOR  amp  AGAINST ProportionalRepresentation  Thurs 2nd March   6 30 to 8 30 pm  Lancaster  gt  ALAN STORY  Co founder of Get PR Done  SPEAKING FOR PR  gt  DAVID DENVER   Former Professor of Politics  Lancaster University  SPEAKING AGAINST PR  GetPRDoneMakeVotesMatter ,2023-02-12 19:01:55+00:00,1303719423564484615,13,17,1,0,United Kingdom,"Lewisham, London","['https://t.co/YhXBk2HyU6', 'https://t.co/MjmkSWO6sI']",[],"['ProportionalRepresentation', 'GetPRDone', 'MakeVotesMatter']",neutral
1625839957226004480, Studio sublet üá¨üáß York University Summer Sublease  student castle sublease lancaster studio  YO1 9TL Date Early June 2023   September 8  2023 Rent  241 5 pounds a week  contract price   no bill  negotiable price Facilities  gym   study room   activity room ,2023-02-15 12:50:27+00:00,1572091928757387264,0,0,0,0,,"Yorkshire and The Humber, England",['https://t.co/FxDjrgRzvA'],['UniOfYork'],['Studio'],positive
1629471806351462400,Took my daughter and her Lancaster University teammates to a Taekwondo tournament in Nottingham  While there I chatted to a guy who cycles in the Chilterns  so obviously  we now follow each other on Strava   üòÅ ,2023-02-25 13:22:07+00:00,2256328575,0,21,0,1,Yorkshire,"East Midlands, England",['https://t.co/HW6Z5kSFuo'],[],[],negative
1630177232730701825,Does learning a new language rewire your brain  Prof Panos Athanasopoulos  Lancaster University  will look into this fascinating question next Monday for EUtopiaLanguagesWeekIf you re a  or Warwick student  join online or on campus  Sign up  ,2023-02-27 12:05:14+00:00,780155745815986176,4,7,1,0,"Birmingham, England",The University of Warwick,"['https://t.co/OtI7gDDwVD', 'https://t.co/D8HspdWIso']",['EutopiaUni'],"['EUtopiaLanguagesWeek', 'Warwick']",positive
1630496882739773441,If you have trouble with the link  try this one instead  ,2023-02-28 09:15:24+00:00,781640196748107776,1,1,0,0,"Kendal, England","Kendal, England",['https://t.co/ihVwJ7rgtd'],[],[],negative
